<?xml version="1.0" encoding="UTF-8"?>
<project-private xmlns="http://www.netbeans.org/ns/project-private/1">
    <editor-bookmarks xmlns="http://www.netbeans.org/ns/editor-bookmarks/2" lastBookmarkId="0"/>
    <open-files xmlns="http://www.netbeans.org/ns/projectui-open-files/2">
        <group>
            <file>file:/Users/alejandrosalmon/Desktop/ProyectoCalculadora/ProyectoCalculadora1/src/PilaA.java</file>
            <file>file:/Users/alejandrosalmon/Desktop/ProyectoCalculadora/ProyectoCalculadora1/src/GUICalculadora.java</file>
            <file>file:/Users/alejandrosalmon/Desktop/ProyectoCalculadora/ProyectoCalculadora1/src/ExcepcionColeccionVacia.java</file>
            <file>file:/Users/alejandrosalmon/Desktop/ProyectoCalculadora/ProyectoCalculadora1/src/PilaADT.java</file>
            <file>file:/Users/alejandrosalmon/Desktop/ProyectoCalculadora/ProyectoCalculadora1/src/Calculadora.java</file>
            <file>file:/Users/alejandrosalmon/Desktop/ProyectoCalculadora/ProyectoCalculadora1/test/TestFailure.java</file>
            <file>file:/Users/alejandrosalmon/Desktop/ProyectoCalculadora/ProyectoCalculadora1/src/Revisores.java</file>
        </group>
    </open-files>
</project-private>
